{
  "accuracy": 0.7267080745341615,
  "precision": 0.11538461538461539,
  "recall": 0.32142857142857145,
  "f1": 0.16981132075471697,
  "confusion_matrix": [
    [
      225,
      69
    ],
    [
      19,
      9
    ]
  ],
  "total_samples": 322,
  "predicted_real": 78,
  "predicted_fake": 244,
  "timestamp": "20250421_001034",
  "features_file": "data/features/features_2024_11_top5.csv"
}