{
  "accuracy": 0.7106598984771574,
  "precision": 0.08421052631578947,
  "recall": 0.22857142857142856,
  "f1": 0.12307692307692308,
  "confusion_matrix": [
    [
      272,
      87
    ],
    [
      27,
      8
    ]
  ],
  "total_samples": 394,
  "predicted_real": 95,
  "predicted_fake": 299,
  "timestamp": "20250420_234035",
  "features_file": "data/features/features_2024_10.csv"
}