{
  "accuracy": 0.6675126903553299,
  "precision": 0.08620689655172414,
  "recall": 0.2857142857142857,
  "f1": 0.13245033112582782,
  "confusion_matrix": [
    [
      253,
      106
    ],
    [
      25,
      10
    ]
  ],
  "total_samples": 394,
  "predicted_real": 116,
  "predicted_fake": 278,
  "timestamp": "20250421_000200",
  "features_file": "data/features/features_2024_10_top15.csv"
}