{
  "metrics": {
    "accuracy": 0.8451776649746193,
    "precision": 0.8546434512030744,
    "recall": 0.8451776649746193,
    "f1": 0.8497955541633146,
    "total_time_seconds": 61.39136719703674,
    "avg_time_per_claim_seconds": 0.15581565278435722
  },
  "report": {
    "FAKE": {
      "precision": 0.9209039548022598,
      "recall": 0.9080779944289693,
      "f1-score": 0.9144460028050491,
      "support": 359.0
    },
    "REAL": {
      "precision": 0.175,
      "recall": 0.2,
      "f1-score": 0.18666666666666668,
      "support": 35.0
    },
    "accuracy": 0.8451776649746193,
    "macro avg": {
      "precision": 0.5479519774011299,
      "recall": 0.5540389972144847,
      "f1-score": 0.5505563347358579,
      "support": 394.0
    },
    "weighted avg": {
      "precision": 0.8546434512030744,
      "recall": 0.8451776649746193,
      "f1-score": 0.8497955541633146,
      "support": 394.0
    },
    "label_mapping": {
      "0": "FAKE",
      "1": "REAL"
    }
  }
}