{
  "metrics": {
    "accuracy": 0.8401015228426396,
    "precision": 0.8703899701094464,
    "recall": 0.8401015228426396,
    "f1": 0.8537849332790319,
    "total_time_seconds": 50.16218662261963,
    "avg_time_per_claim_seconds": 0.1273151944736539
  },
  "report": {
    "FAKE": {
      "precision": 0.9327485380116959,
      "recall": 0.8885793871866295,
      "f1-score": 0.9101283880171184,
      "support": 359.0
    },
    "REAL": {
      "precision": 0.23076923076923078,
      "recall": 0.34285714285714286,
      "f1-score": 0.27586206896551724,
      "support": 35.0
    },
    "accuracy": 0.8401015228426396,
    "macro avg": {
      "precision": 0.5817588843904633,
      "recall": 0.6157182650218862,
      "f1-score": 0.5929952284913178,
      "support": 394.0
    },
    "weighted avg": {
      "precision": 0.8703899701094464,
      "recall": 0.8401015228426396,
      "f1-score": 0.8537849332790319,
      "support": 394.0
    },
    "label_mapping": {
      "0": "FAKE",
      "1": "REAL"
    }
  }
}